{
  "accuracy": 0.9326923076923077,
  "f1_score": 0.9316336884830034,
  "precision": 0.9353991596638656,
  "recall": 0.9326923076923077,
  "confusion_matrix": [
    [
      198,
      36
    ],
    [
      6,
      384
    ]
  ],
  "classification_report": {
    "0": {
      "precision": 0.9705882352941176,
      "recall": 0.8461538461538461,
      "f1-score": 0.9041095890410958,
      "support": 234.0
    },
    "1": {
      "precision": 0.9142857142857143,
      "recall": 0.9846153846153847,
      "f1-score": 0.9481481481481482,
      "support": 390.0
    },
    "accuracy": 0.9326923076923077,
    "macro avg": {
      "precision": 0.942436974789916,
      "recall": 0.9153846153846155,
      "f1-score": 0.9261288685946221,
      "support": 624.0
    },
    "weighted avg": {
      "precision": 0.9353991596638656,
      "recall": 0.9326923076923077,
      "f1-score": 0.9316336884830034,
      "support": 624.0
    }
  },
  "roc_auc": 0.9816458470304624
}