{
  "xgboost": {
    "accuracy": 1.0,
    "f1_score": 1.0,
    "precision": 1.0,
    "recall": 1.0,
    "confusion_matrix": [
      [
        30,
        0
      ],
      [
        0,
        50
      ]
    ],
    "classification_report": {
      "0": {
        "precision": 1.0,
        "recall": 1.0,
        "f1-score": 1.0,
        "support": 30.0
      },
      "1": {
        "precision": 1.0,
        "recall": 1.0,
        "f1-score": 1.0,
        "support": 50.0
      },
      "accuracy": 1.0,
      "macro avg": {
        "precision": 1.0,
        "recall": 1.0,
        "f1-score": 1.0,
        "support": 80.0
      },
      "weighted avg": {
        "precision": 1.0,
        "recall": 1.0,
        "f1-score": 1.0,
        "support": 80.0
      }
    },
    "roc_auc": 1.0,
    "training_time": 0.061308860778808594,
    "cv_auc_mean": 0.9981249999999999,
    "cv_auc_std": 0.0027481054079735,
    "shap_feature_importance": {
      "hemo": 2.030421495437622,
      "sc": 1.3256950378417969,
      "sg": 1.149374008178711,
      "al": 0.6133289337158203,
      "age": 0.49743080139160156,
      "pcv": 0.45612820982933044,
      "rc": 0.3489619791507721,
      "htn": 0.3228491246700287,
      "bgr": 0.2861536145210266,
      "sod": 0.2733159065246582,
      "wc": 0.20493189990520477,
      "bu": 0.20326721668243408,
      "bp": 0.11450277268886566,
      "dm": 0.08212746679782867,
      "pot": 0.025126922875642776,
      "su": 0.02426932193338871,
      "rbc": 0.0,
      "pc": 0.0,
      "pcc": 0.0,
      "ba": 0.0,
      "cad": 0.0,
      "appet": 0.0,
      "pe": 0.0,
      "ane": 0.0
    }
  },
  "random_forest": {
    "accuracy": 1.0,
    "f1_score": 1.0,
    "precision": 1.0,
    "recall": 1.0,
    "confusion_matrix": [
      [
        30,
        0
      ],
      [
        0,
        50
      ]
    ],
    "classification_report": {
      "0": {
        "precision": 1.0,
        "recall": 1.0,
        "f1-score": 1.0,
        "support": 30.0
      },
      "1": {
        "precision": 1.0,
        "recall": 1.0,
        "f1-score": 1.0,
        "support": 50.0
      },
      "accuracy": 1.0,
      "macro avg": {
        "precision": 1.0,
        "recall": 1.0,
        "f1-score": 1.0,
        "support": 80.0
      },
      "weighted avg": {
        "precision": 1.0,
        "recall": 1.0,
        "f1-score": 1.0,
        "support": 80.0
      }
    },
    "roc_auc": 1.0,
    "training_time": 0.18137264251708984,
    "cv_auc_mean": 0.9995833333333334,
    "cv_auc_std": 0.0005103103630797998,
    "rf_feature_importance": {
      "age": 0.009238344089833395,
      "bp": 0.008997633214909484,
      "sg": 0.11761332126833743,
      "al": 0.04890721528041091,
      "su": 0.004747452656356067,
      "rbc": 0.0022364493817687812,
      "pc": 0.006216398485770995,
      "pcc": 0.0003002513959218135,
      "ba": 0.0,
      "bgr": 0.023620737658396285,
      "bu": 0.03249718372490459,
      "sc": 0.13970301438304883,
      "sod": 0.029513471106560284,
      "pot": 0.005630572572146585,
      "hemo": 0.17716561311196197,
      "pcv": 0.177764393201624,
      "wc": 0.004569517383560979,
      "rc": 0.11698971699954847,
      "htn": 0.05181994616460683,
      "dm": 0.0363787318280551,
      "cad": 0.0001995707495577476,
      "appet": 0.0029067801404034648,
      "pe": 0.001754218917629982,
      "ane": 0.0012294662846860684
    }
  }
}